id,name,pipeline_id,type,result,status,environment,cicd_scope_id,created_date,finished_date
task1,deploy-serviceA,pipeline1,DEPLOYMENT,SUCCESS,DONE,PRODUCTION,cicd1,2026-08-01T09:50:00.000+00:00,2026-08-01T10:00:00.000+00:00
task1b,build,pipeline1,,SUCCESS,DONE,,cicd1,2026-08-01T09:40:00.000+00:00,2026-08-01T09:50:00.000+00:00
task2,deploy-serviceB,pipeline2,DEPLOYMENT,SUCCESS,DONE,PRODUCTION,cicd1,2026-08-01T11:50:00.000+00:00,2026-08-01T12:00:00.000+00:00
task3a,deploy-serviceA,pipeline3,DEPLOYMENT,SUCCESS,DONE,PRODUCTION,cicd1,2026-08-02T09:50:00.000+00:00,2026-08-02T10:00:00.000+00:00
task3b,deploy-serviceB,pipeline3,DEPLOYMENT,SUCCESS,DONE,PRODUCTION,cicd1,2026-08-02T09:50:00.000+00:00,2026-08-02T10:00:00.000+00:00
task5,deploy-serviceA,pipeline5,DEPLOYMENT,SUCCESS,DONE,PRODUCTION,cicd2,2026-08-01T09:50:00.000+00:00,2026-08-01T10:00:00.000+00:00
task6,deploy-serviceA,pipeline6,DEPLOYMENT,FAILURE,DONE,PRODUCTION,cicd1,2026-08-01T09:20:00.000+00:00,2026-08-01T09:30:00.000+00:00
task7,deploy-serviceA,pipeline7,DEPLOYMENT,SUCCESS,DONE,STAGING,cicd1,2026-08-01T09:35:00.000+00:00,2026-08-01T09:45:00.000+00:00
task8,deploy-unknown,pipeline8,DEPLOYMENT,SUCCESS,DONE,PRODUCTION,cicd1,2026-08-01T13:50:00.000+00:00,2026-08-01T14:00:00.000+00:00
