connection_id,changelog_id,field,item_index,field_type,field_id,from_value,from_string,to_value,to_string,tmp_from_account_id,tmp_to_account_id,_raw_data_params,_raw_data_table,_raw_data_id,_raw_data_remark
2,57278,description,0,jira,description,,,"{""id"":""ari:cloud:jira:b696e399-4a1d-4ef6-a6e8-d4243f3b59f6:issuefieldvalue/13383/description"",""version"":""1""}","平均域的显示需要配合 [~accountid:5f8d380729bd8a006f5a90a0] 提供的新算法进行调整

!image-20210125-030921.png|width=686,height=300!",,,"{""ConnectionId"":2,""BoardId"":8}",_raw_jira_api_issue_changelogs,204483,
2,57281,timeestimate,0,jira,timeestimate,,,7200,7200,,,"{""ConnectionId"":2,""BoardId"":8}",_raw_jira_api_issue_changelogs,204484,
2,57281,timeoriginalestimate,0,jira,timeoriginalestimate,,,7200,7200,,,"{""ConnectionId"":2,""BoardId"":8}",_raw_jira_api_issue_changelogs,204484,
2,57283,Sprint,0,custom,customfield_10020,,,34,EE Sprint 24,,,"{""ConnectionId"":2,""BoardId"":8}",_raw_jira_api_issue_changelogs,204485,
2,57435,Rank,0,custom,customfield_10019,,,,Ranked higher,,,"{""ConnectionId"":2,""BoardId"":8}",_raw_jira_api_issue_changelogs,204486,
2,57437,priority,0,jira,priority,3,Medium,2,High,,,"{""ConnectionId"":2,""BoardId"":8}",_raw_jira_api_issue_changelogs,204487,
2,57504,Link,0,jira,,,,EE-2880,This issue is blocked by EE-2880,,,"{""ConnectionId"":2,""BoardId"":8}",_raw_jira_api_issue_changelogs,204488,
2,58006,status,0,jira,status,1,Open,10074,开发中,,,"{""ConnectionId"":2,""BoardId"":8}",_raw_jira_api_issue_changelogs,204489,
2,58108,RemoteIssueLink,0,jira,,17838,"这个事务链接到 ""Commit - feat(SprintWorkloadPage): update TeamMembersWorkload (网页链接)""",17838,"这个事务链接到 ""Commit - feat(SprintWorkloadPage): update TeamMembersWorkload (网页链接)""",,,"{""ConnectionId"":2,""BoardId"":8}",_raw_jira_api_issue_changelogs,204491,
2,58168,RemoteIssueLink,0,jira,,,,17864,"这个事务链接到 ""Commit - feat(SprintWorkloadPage): update TeamMembersWorkload (网页链接)""",,,"{""ConnectionId"":2,""BoardId"":8}",_raw_jira_api_issue_changelogs,204492,
2,58178,RemoteIssueLink,0,jira,,,,17865,"这个事务链接到 ""Commit - feat(SprintWorkloadPage): update TeamMembersWorkload (网页链接)""",,,"{""ConnectionId"":2,""BoardId"":8}",_raw_jira_api_issue_changelogs,204493,
2,58393,RemoteIssueLink,0,jira,,,,17948,"这个事务链接到 ""Commit - feat(SprintWorkloadPage): update TeamMembersWorkload (网页链接)""",,,"{""ConnectionId"":2,""BoardId"":8}",_raw_jira_api_issue_changelogs,204494,
2,58821,RemoteIssueLink,0,jira,,,,18298,"这个事务链接到 ""Commit - feat(SprintWorkloadPage): update TeamMembersWorkload (网页链接)""",,,"{""ConnectionId"":2,""BoardId"":8}",_raw_jira_api_issue_changelogs,204496,
2,58842,RemoteIssueLink,0,jira,,,,18308,"这个事务链接到 ""Commit - feat(SprintWorkloadPage): update TeamMembersWorkload (网页链接)""",,,"{""ConnectionId"":2,""BoardId"":8}",_raw_jira_api_issue_changelogs,204497,
2,59151,resolution,0,jira,resolution,,,10000,Done,,,"{""ConnectionId"":2,""BoardId"":8}",_raw_jira_api_issue_changelogs,204499,
2,59151,status,0,jira,status,10074,开发中,6,Closed,,,"{""ConnectionId"":2,""BoardId"":8}",_raw_jira_api_issue_changelogs,204499,
2,59327,RemoteIssueLink,0,jira,,,,18468,"这个事务链接到 ""Commit - feat(SprintWorkloadPage): update TeamMembersWorkload (网页链接)""",,,"{""ConnectionId"":2,""BoardId"":8}",_raw_jira_api_issue_changelogs,204500,
2,59621,RemoteIssueLink,0,jira,,,,18533,"这个事务链接到 ""Commit - feat(SprintWorkloadPage): update TeamMembersWorkload (网页链接)""",,,"{""ConnectionId"":2,""BoardId"":8}",_raw_jira_api_issue_changelogs,204501,
2,59663,RemoteIssueLink,0,jira,,,,18572,"这个事务链接到 ""Commit - feat(SprintWorkloadPage): update TeamMembersWorkload (网页链接)""",,,"{""ConnectionId"":2,""BoardId"":8}",_raw_jira_api_issue_changelogs,204502,
2,59743,RemoteIssueLink,0,jira,,18572,"这个事务链接到 ""Commit - feat(SprintWorkloadPage): update TeamMembersWorkload (网页链接)""",18572,"这个事务链接到 ""Commit - feat(SprintWorkloadPage): update TeamMembersWorkload (网页链接)""",,,"{""ConnectionId"":2,""BoardId"":8}",_raw_jira_api_issue_changelogs,204503,
2,59825,RemoteIssueLink,0,jira,,,,18639,"这个事务链接到 ""Commit - feat(SprintWorkloadPage): update TeamMembersWorkload (网页链接)""",,,"{""ConnectionId"":2,""BoardId"":8}",_raw_jira_api_issue_changelogs,204504,
2,59900,RemoteIssueLink,0,jira,,,,18712,"这个事务链接到 ""Commit - feat(SprintWorkloadPage): update TeamMembersWorkload (网页链接)""",,,"{""ConnectionId"":2,""BoardId"":8}",_raw_jira_api_issue_changelogs,204505,
2,59948,RemoteIssueLink,0,jira,,18572,"这个事务链接到 ""Commit - feat(SprintWorkloadPage): update TeamMembersWorkload (网页链接)""",18572,"这个事务链接到 ""Commit - feat(SprintWorkloadPage): update TeamMembersWorkload (网页链接)""",,,"{""ConnectionId"":2,""BoardId"":8}",_raw_jira_api_issue_changelogs,204506,
2,60014,RemoteIssueLink,0,jira,,18712,"这个事务链接到 ""Commit - feat(SprintWorkloadPage): update TeamMembersWorkload (网页链接)""",18712,"这个事务链接到 ""Commit - feat(SprintWorkloadPage): update TeamMembersWorkload (网页链接)""",,,"{""ConnectionId"":2,""BoardId"":8}",_raw_jira_api_issue_changelogs,204507,
2,60098,RemoteIssueLink,0,jira,,18712,"这个事务链接到 ""Commit - feat(SprintWorkloadPage): update TeamMembersWorkload (网页链接)""",18712,"这个事务链接到 ""Commit - feat(SprintWorkloadPage): update TeamMembersWorkload (网页链接)""",,,"{""ConnectionId"":2,""BoardId"":8}",_raw_jira_api_issue_changelogs,204508,
2,60170,RemoteIssueLink,0,jira,,,,18775,"这个事务链接到 ""Commit - fix(SprintQualityPage): WorkloadCharts data range issue (网页链接)""",,,"{""ConnectionId"":2,""BoardId"":8}",_raw_jira_api_issue_changelogs,204683,
2,60174,RemoteIssueLink,0,jira,,,,18776,"这个事务链接到 ""Merge request - fix(SprintQualityPage): WorkloadCharts data range issue (网页链接)""",,,"{""ConnectionId"":2,""BoardId"":8}",_raw_jira_api_issue_changelogs,204684,
2,60193,Link,0,jira,,,,EE-2959,This issue is duplicated by EE-2959,,,"{""ConnectionId"":2,""BoardId"":8}",_raw_jira_api_issue_changelogs,204685,
2,60195,resolution,0,jira,resolution,,,10000,Done,,,"{""ConnectionId"":2,""BoardId"":8}",_raw_jira_api_issue_changelogs,204686,
2,60195,status,0,jira,status,1,Open,6,Closed,,,"{""ConnectionId"":2,""BoardId"":8}",_raw_jira_api_issue_changelogs,204686,
2,60248,RemoteIssueLink,0,jira,,18712,"这个事务链接到 ""Commit - feat(SprintWorkloadPage): update TeamMembersWorkload (网页链接)""",18712,"这个事务链接到 ""Commit - feat(SprintWorkloadPage): update TeamMembersWorkload (网页链接)""",,,"{""ConnectionId"":2,""BoardId"":8}",_raw_jira_api_issue_changelogs,204509,
2,60505,RemoteIssueLink,0,jira,,,,18817,"这个事务链接到 ""Commit - feat(SprintWorkloadPage): update TeamMembersWorkload (网页链接)""",,,"{""ConnectionId"":2,""BoardId"":8}",_raw_jira_api_issue_changelogs,204510,
2,60617,RemoteIssueLink,0,jira,,18817,"这个事务链接到 ""Commit - feat(SprintWorkloadPage): update TeamMembersWorkload (网页链接)""",18817,"这个事务链接到 ""Commit - feat(SprintWorkloadPage): update TeamMembersWorkload (网页链接)""",,,"{""ConnectionId"":2,""BoardId"":8}",_raw_jira_api_issue_changelogs,204511,
2,60641,RemoteIssueLink,0,jira,,,,18852,"这个事务链接到 ""Commit - fix(SprintQualityPage): WorkloadCharts data range issue (网页链接)""",,,"{""ConnectionId"":2,""BoardId"":8}",_raw_jira_api_issue_changelogs,204687,
2,60681,RemoteIssueLink,0,jira,,,,18869,"这个事务链接到 ""Commit - feat(SprintWorkloadPage): update TeamMembersWorkload (网页链接)""",,,"{""ConnectionId"":2,""BoardId"":8}",_raw_jira_api_issue_changelogs,204512,
2,60695,RemoteIssueLink,0,jira,,,,18883,"这个事务链接到 ""Commit - fix(SprintQualityPage): WorkloadCharts data range issue (网页链接)""",,,"{""ConnectionId"":2,""BoardId"":8}",_raw_jira_api_issue_changelogs,204688,
2,60940,RemoteIssueLink,0,jira,,18883,"这个事务链接到 ""Commit - fix(SprintQualityPage): WorkloadCharts data range issue (网页链接)""",18883,"这个事务链接到 ""Commit - fix(SprintQualityPage): WorkloadCharts data range issue (网页链接)""",,,"{""ConnectionId"":2,""BoardId"":8}",_raw_jira_api_issue_changelogs,204689,
2,60950,RemoteIssueLink,0,jira,,18869,"这个事务链接到 ""Commit - feat(SprintWorkloadPage): update TeamMembersWorkload (网页链接)""",18869,"这个事务链接到 ""Commit - feat(SprintWorkloadPage): update TeamMembersWorkload (网页链接)""",,,"{""ConnectionId"":2,""BoardId"":8}",_raw_jira_api_issue_changelogs,204513,
2,61063,RemoteIssueLink,0,jira,,18883,"这个事务链接到 ""Commit - fix(SprintQualityPage): WorkloadCharts data range issue (网页链接)""",18883,"这个事务链接到 ""Commit - fix(SprintQualityPage): WorkloadCharts data range issue (网页链接)""",,,"{""ConnectionId"":2,""BoardId"":8}",_raw_jira_api_issue_changelogs,204690,
2,61068,RemoteIssueLink,0,jira,,18869,"这个事务链接到 ""Commit - feat(SprintWorkloadPage): update TeamMembersWorkload (网页链接)""",18869,"这个事务链接到 ""Commit - feat(SprintWorkloadPage): update TeamMembersWorkload (网页链接)""",,,"{""ConnectionId"":2,""BoardId"":8}",_raw_jira_api_issue_changelogs,204514,
2,61372,RemoteIssueLink,0,jira,,,,18954,"这个事务链接到 ""Commit - fix(SprintQualityPage): WorkloadCharts data range issue (网页链接)""",,,"{""ConnectionId"":2,""BoardId"":8}",_raw_jira_api_issue_changelogs,204691,
2,61404,RemoteIssueLink,0,jira,,,,18985,"这个事务链接到 ""Commit - feat(SprintWorkloadPage): update TeamMembersWorkload (网页链接)""",,,"{""ConnectionId"":2,""BoardId"":8}",_raw_jira_api_issue_changelogs,204515,
2,61577,RemoteIssueLink,0,jira,,18985,"这个事务链接到 ""Commit - feat(SprintWorkloadPage): update TeamMembersWorkload (网页链接)""",18985,"这个事务链接到 ""Commit - feat(SprintWorkloadPage): update TeamMembersWorkload (网页链接)""",,,"{""ConnectionId"":2,""BoardId"":8}",_raw_jira_api_issue_changelogs,204516,
2,61578,RemoteIssueLink,0,jira,,18954,"这个事务链接到 ""Commit - fix(SprintQualityPage): WorkloadCharts data range issue (网页链接)""",18954,"这个事务链接到 ""Commit - fix(SprintQualityPage): WorkloadCharts data range issue (网页链接)""",,,"{""ConnectionId"":2,""BoardId"":8}",_raw_jira_api_issue_changelogs,204692,
2,61793,RemoteIssueLink,0,jira,,,,19021,"这个事务链接到 ""Commit - feat(SprintWorkloadPage): update TeamMembersWorkload (网页链接)""",,,"{""ConnectionId"":2,""BoardId"":8}",_raw_jira_api_issue_changelogs,204517,
2,61799,RemoteIssueLink,0,jira,,,,19027,"这个事务链接到 ""Commit - fix(SprintQualityPage): WorkloadCharts data range issue (网页链接)""",,,"{""ConnectionId"":2,""BoardId"":8}",_raw_jira_api_issue_changelogs,204693,
2,61895,RemoteIssueLink,0,jira,,19021,"这个事务链接到 ""Commit - feat(SprintWorkloadPage): update TeamMembersWorkload (网页链接)""",19021,"这个事务链接到 ""Commit - feat(SprintWorkloadPage): update TeamMembersWorkload (网页链接)""",,,"{""ConnectionId"":2,""BoardId"":8}",_raw_jira_api_issue_changelogs,204518,
2,61920,RemoteIssueLink,0,jira,,19027,"这个事务链接到 ""Commit - fix(SprintQualityPage): WorkloadCharts data range issue (网页链接)""",19027,"这个事务链接到 ""Commit - fix(SprintQualityPage): WorkloadCharts data range issue (网页链接)""",,,"{""ConnectionId"":2,""BoardId"":8}",_raw_jira_api_issue_changelogs,204694,
2,61983,RemoteIssueLink,0,jira,,,,19110,"这个事务链接到 ""Commit - fix(SprintQualityPage): WorkloadCharts data range issue (网页链接)""",,,"{""ConnectionId"":2,""BoardId"":8}",_raw_jira_api_issue_changelogs,204695,
2,61998,RemoteIssueLink,0,jira,,,,19125,"这个事务链接到 ""Commit - feat(SprintWorkloadPage): update TeamMembersWorkload (网页链接)""",,,"{""ConnectionId"":2,""BoardId"":8}",_raw_jira_api_issue_changelogs,204519,
2,62016,RemoteIssueLink,0,jira,,,,19143,"这个事务链接到 ""Commit - fix(SprintQualityPage): WorkloadCharts data range issue (网页链接)""",,,"{""ConnectionId"":2,""BoardId"":8}",_raw_jira_api_issue_changelogs,204696,
2,62020,RemoteIssueLink,0,jira,,,,19147,"这个事务链接到 ""Commit - feat(SprintWorkloadPage): update TeamMembersWorkload (网页链接)""",,,"{""ConnectionId"":2,""BoardId"":8}",_raw_jira_api_issue_changelogs,204520,
2,62110,RemoteIssueLink,0,jira,,19147,"这个事务链接到 ""Commit - feat(SprintWorkloadPage): update TeamMembersWorkload (网页链接)""",19147,"这个事务链接到 ""Commit - feat(SprintWorkloadPage): update TeamMembersWorkload (网页链接)""",,,"{""ConnectionId"":2,""BoardId"":8}",_raw_jira_api_issue_changelogs,204521,
2,62129,RemoteIssueLink,0,jira,,19143,"这个事务链接到 ""Commit - fix(SprintQualityPage): WorkloadCharts data range issue (网页链接)""",19143,"这个事务链接到 ""Commit - fix(SprintQualityPage): WorkloadCharts data range issue (网页链接)""",,,"{""ConnectionId"":2,""BoardId"":8}",_raw_jira_api_issue_changelogs,204697,
2,62148,RemoteIssueLink,0,jira,,,,19213,"这个事务链接到 ""Commit - fix(SprintQualityPage): WorkloadCharts data range issue (网页链接)""",,,"{""ConnectionId"":2,""BoardId"":8}",_raw_jira_api_issue_changelogs,204698,
2,62196,RemoteIssueLink,0,jira,,,,19260,"这个事务链接到 ""Commit - feat(SprintWorkloadPage): update TeamMembersWorkload (网页链接)""",,,"{""ConnectionId"":2,""BoardId"":8}",_raw_jira_api_issue_changelogs,204522,
2,62205,RemoteIssueLink,0,jira,,19213,"这个事务链接到 ""Commit - fix(SprintQualityPage): WorkloadCharts data range issue (网页链接)""",19213,"这个事务链接到 ""Commit - fix(SprintQualityPage): WorkloadCharts data range issue (网页链接)""",,,"{""ConnectionId"":2,""BoardId"":8}",_raw_jira_api_issue_changelogs,204699,
2,62231,RemoteIssueLink,0,jira,,19260,"这个事务链接到 ""Commit - feat(SprintWorkloadPage): update TeamMembersWorkload (网页链接)""",19260,"这个事务链接到 ""Commit - feat(SprintWorkloadPage): update TeamMembersWorkload (网页链接)""",,,"{""ConnectionId"":2,""BoardId"":8}",_raw_jira_api_issue_changelogs,204523,
2,62315,RemoteIssueLink,0,jira,,,,19307,"这个事务链接到 ""Commit - fix(SprintQualityPage): WorkloadCharts data range issue (网页链接)""",,,"{""ConnectionId"":2,""BoardId"":8}",_raw_jira_api_issue_changelogs,204700,
2,62329,RemoteIssueLink,0,jira,,,,19321,"这个事务链接到 ""Commit - feat(SprintWorkloadPage): update TeamMembersWorkload (网页链接)""",,,"{""ConnectionId"":2,""BoardId"":8}",_raw_jira_api_issue_changelogs,204524,
2,62343,RemoteIssueLink,0,jira,,,,19328,"这个事务链接到 ""Commit - fix(SprintQualityPage): WorkloadCharts data range issue (网页链接)""",,,"{""ConnectionId"":2,""BoardId"":8}",_raw_jira_api_issue_changelogs,204701,
2,62371,RemoteIssueLink,0,jira,,,,19357,"这个事务链接到 ""Commit - feat(SprintWorkloadPage): update TeamMembersWorkload (网页链接)""",,,"{""ConnectionId"":2,""BoardId"":8}",_raw_jira_api_issue_changelogs,204525,
2,62446,RemoteIssueLink,0,jira,,19357,"这个事务链接到 ""Commit - feat(SprintWorkloadPage): update TeamMembersWorkload (网页链接)""",19357,"这个事务链接到 ""Commit - feat(SprintWorkloadPage): update TeamMembersWorkload (网页链接)""",,,"{""ConnectionId"":2,""BoardId"":8}",_raw_jira_api_issue_changelogs,204526,
2,62451,RemoteIssueLink,0,jira,,19328,"这个事务链接到 ""Commit - fix(SprintQualityPage): WorkloadCharts data range issue (网页链接)""",19328,"这个事务链接到 ""Commit - fix(SprintQualityPage): WorkloadCharts data range issue (网页链接)""",,,"{""ConnectionId"":2,""BoardId"":8}",_raw_jira_api_issue_changelogs,204702,
2,62498,RemoteIssueLink,0,jira,,19357,"这个事务链接到 ""Commit - feat(SprintWorkloadPage): update TeamMembersWorkload (网页链接)""",19357,"这个事务链接到 ""Commit - feat(SprintWorkloadPage): update TeamMembersWorkload (网页链接)""",,,"{""ConnectionId"":2,""BoardId"":8}",_raw_jira_api_issue_changelogs,204527,
2,62508,RemoteIssueLink,0,jira,,19328,"这个事务链接到 ""Commit - fix(SprintQualityPage): WorkloadCharts data range issue (网页链接)""",19328,"这个事务链接到 ""Commit - fix(SprintQualityPage): WorkloadCharts data range issue (网页链接)""",,,"{""ConnectionId"":2,""BoardId"":8}",_raw_jira_api_issue_changelogs,204703,
2,62546,RemoteIssueLink,0,jira,,,,19396,"这个事务链接到 ""Commit - fix(SprintQualityPage): WorkloadCharts data range issue (网页链接)""",,,"{""ConnectionId"":2,""BoardId"":8}",_raw_jira_api_issue_changelogs,204704,
2,62558,RemoteIssueLink,0,jira,,,,19408,"这个事务链接到 ""Commit - feat(SprintWorkloadPage): update TeamMembersWorkload (网页链接)""",,,"{""ConnectionId"":2,""BoardId"":8}",_raw_jira_api_issue_changelogs,204528,
2,62620,RemoteIssueLink,0,jira,,,,19466,"这个事务链接到 ""Commit - fix(SprintQualityPage): WorkloadCharts data range issue (网页链接)""",,,"{""ConnectionId"":2,""BoardId"":8}",_raw_jira_api_issue_changelogs,204705,
2,62630,RemoteIssueLink,0,jira,,,,19476,"这个事务链接到 ""Commit - feat(SprintWorkloadPage): update TeamMembersWorkload (网页链接)""",,,"{""ConnectionId"":2,""BoardId"":8}",_raw_jira_api_issue_changelogs,204529,
2,62705,RemoteIssueLink,0,jira,,19466,"这个事务链接到 ""Commit - fix(SprintQualityPage): WorkloadCharts data range issue (网页链接)""",19466,"这个事务链接到 ""Commit - fix(SprintQualityPage): WorkloadCharts data range issue (网页链接)""",,,"{""ConnectionId"":2,""BoardId"":8}",_raw_jira_api_issue_changelogs,204706,
2,62716,RemoteIssueLink,0,jira,,19476,"这个事务链接到 ""Commit - feat(SprintWorkloadPage): update TeamMembersWorkload (网页链接)""",19476,"这个事务链接到 ""Commit - feat(SprintWorkloadPage): update TeamMembersWorkload (网页链接)""",,,"{""ConnectionId"":2,""BoardId"":8}",_raw_jira_api_issue_changelogs,204530,
2,63001,RemoteIssueLink,0,jira,,19466,"这个事务链接到 ""Commit - fix(SprintQualityPage): WorkloadCharts data range issue (网页链接)""",19466,"这个事务链接到 ""Commit - fix(SprintQualityPage): WorkloadCharts data range issue (网页链接)""",,,"{""ConnectionId"":2,""BoardId"":8}",_raw_jira_api_issue_changelogs,204707,
2,63033,RemoteIssueLink,0,jira,,19476,"这个事务链接到 ""Commit - feat(SprintWorkloadPage): update TeamMembersWorkload (网页链接)""",19476,"这个事务链接到 ""Commit - feat(SprintWorkloadPage): update TeamMembersWorkload (网页链接)""",,,"{""ConnectionId"":2,""BoardId"":8}",_raw_jira_api_issue_changelogs,204531,
2,63104,RemoteIssueLink,0,jira,,19476,"这个事务链接到 ""Commit - feat(SprintWorkloadPage): update TeamMembersWorkload (网页链接)""",19476,"这个事务链接到 ""Commit - feat(SprintWorkloadPage): update TeamMembersWorkload (网页链接)""",,,"{""ConnectionId"":2,""BoardId"":8}",_raw_jira_api_issue_changelogs,204532,
2,63135,RemoteIssueLink,0,jira,,19466,"这个事务链接到 ""Commit - fix(SprintQualityPage): WorkloadCharts data range issue (网页链接)""",19466,"这个事务链接到 ""Commit - fix(SprintQualityPage): WorkloadCharts data range issue (网页链接)""",,,"{""ConnectionId"":2,""BoardId"":8}",_raw_jira_api_issue_changelogs,204708,
2,63236,RemoteIssueLink,0,jira,,,,19635,"这个事务链接到 ""Commit - feat(SprintWorkloadPage): update TeamMembersWorkload (网页链接)""",,,"{""ConnectionId"":2,""BoardId"":8}",_raw_jira_api_issue_changelogs,204533,
2,63263,RemoteIssueLink,0,jira,,,,19662,"这个事务链接到 ""Commit - fix(SprintQualityPage): WorkloadCharts data range issue (网页链接)""",,,"{""ConnectionId"":2,""BoardId"":8}",_raw_jira_api_issue_changelogs,204709,
2,63382,RemoteIssueLink,0,jira,,,,19722,"这个事务链接到 ""Commit - feat(SprintWorkloadPage): update TeamMembersWorkload (网页链接)""",,,"{""ConnectionId"":2,""BoardId"":8}",_raw_jira_api_issue_changelogs,204534,
2,63406,RemoteIssueLink,0,jira,,,,19746,"这个事务链接到 ""Commit - fix(SprintQualityPage): WorkloadCharts data range issue (网页链接)""",,,"{""ConnectionId"":2,""BoardId"":8}",_raw_jira_api_issue_changelogs,204710,
2,63469,RemoteIssueLink,0,jira,,19722,"这个事务链接到 ""Commit - feat(SprintWorkloadPage): update TeamMembersWorkload (网页链接)""",19722,"这个事务链接到 ""Commit - feat(SprintWorkloadPage): update TeamMembersWorkload (网页链接)""",,,"{""ConnectionId"":2,""BoardId"":8}",_raw_jira_api_issue_changelogs,204535,
2,63484,RemoteIssueLink,0,jira,,19746,"这个事务链接到 ""Commit - fix(SprintQualityPage): WorkloadCharts data range issue (网页链接)""",19746,"这个事务链接到 ""Commit - fix(SprintQualityPage): WorkloadCharts data range issue (网页链接)""",,,"{""ConnectionId"":2,""BoardId"":8}",_raw_jira_api_issue_changelogs,204711,
2,63557,RemoteIssueLink,0,jira,,,,19804,"这个事务链接到 ""Commit - feat(SprintWorkloadPage): update TeamMembersWorkload (网页链接)""",,,"{""ConnectionId"":2,""BoardId"":8}",_raw_jira_api_issue_changelogs,204536,
2,63573,RemoteIssueLink,0,jira,,,,19820,"这个事务链接到 ""Commit - fix(SprintQualityPage): WorkloadCharts data range issue (网页链接)""",,,"{""ConnectionId"":2,""BoardId"":8}",_raw_jira_api_issue_changelogs,204712,
2,63664,RemoteIssueLink,0,jira,,19820,"这个事务链接到 ""Commit - fix(SprintQualityPage): WorkloadCharts data range issue (网页链接)""",19820,"这个事务链接到 ""Commit - fix(SprintQualityPage): WorkloadCharts data range issue (网页链接)""",,,"{""ConnectionId"":2,""BoardId"":8}",_raw_jira_api_issue_changelogs,204713,
2,63691,RemoteIssueLink,0,jira,,19804,"这个事务链接到 ""Commit - feat(SprintWorkloadPage): update TeamMembersWorkload (网页链接)""",19804,"这个事务链接到 ""Commit - feat(SprintWorkloadPage): update TeamMembersWorkload (网页链接)""",,,"{""ConnectionId"":2,""BoardId"":8}",_raw_jira_api_issue_changelogs,204537,
2,63726,RemoteIssueLink,0,jira,,19820,"这个事务链接到 ""Commit - fix(SprintQualityPage): WorkloadCharts data range issue (网页链接)""",19820,"这个事务链接到 ""Commit - fix(SprintQualityPage): WorkloadCharts data range issue (网页链接)""",,,"{""ConnectionId"":2,""BoardId"":8}",_raw_jira_api_issue_changelogs,204714,
2,63769,RemoteIssueLink,0,jira,,19804,"这个事务链接到 ""Commit - feat(SprintWorkloadPage): update TeamMembersWorkload (网页链接)""",19804,"这个事务链接到 ""Commit - feat(SprintWorkloadPage): update TeamMembersWorkload (网页链接)""",,,"{""ConnectionId"":2,""BoardId"":8}",_raw_jira_api_issue_changelogs,204538,
2,63822,RemoteIssueLink,0,jira,,,,19872,"这个事务链接到 ""Commit - fix(SprintQualityPage): WorkloadCharts data range issue (网页链接)""",,,"{""ConnectionId"":2,""BoardId"":8}",_raw_jira_api_issue_changelogs,204715,
2,63876,RemoteIssueLink,0,jira,,,,19926,"这个事务链接到 ""Commit - feat(SprintWorkloadPage): update TeamMembersWorkload (网页链接)""",,,"{""ConnectionId"":2,""BoardId"":8}",_raw_jira_api_issue_changelogs,204539,
2,63889,RemoteIssueLink,0,jira,,19872,"这个事务链接到 ""Commit - fix(SprintQualityPage): WorkloadCharts data range issue (网页链接)""",19872,"这个事务链接到 ""Commit - fix(SprintQualityPage): WorkloadCharts data range issue (网页链接)""",,,"{""ConnectionId"":2,""BoardId"":8}",_raw_jira_api_issue_changelogs,204716,
2,63932,RemoteIssueLink,0,jira,,19926,"这个事务链接到 ""Commit - feat(SprintWorkloadPage): update TeamMembersWorkload (网页链接)""",19926,"这个事务链接到 ""Commit - feat(SprintWorkloadPage): update TeamMembersWorkload (网页链接)""",,,"{""ConnectionId"":2,""BoardId"":8}",_raw_jira_api_issue_changelogs,204540,
2,63975,RemoteIssueLink,0,jira,,,,19957,"这个事务链接到 ""Commit - fix(SprintQualityPage): WorkloadCharts data range issue (网页链接)""",,,"{""ConnectionId"":2,""BoardId"":8}",_raw_jira_api_issue_changelogs,204717,
2,64000,RemoteIssueLink,0,jira,,,,19982,"这个事务链接到 ""Commit - feat(SprintWorkloadPage): update TeamMembersWorkload (网页链接)""",,,"{""ConnectionId"":2,""BoardId"":8}",_raw_jira_api_issue_changelogs,204541,
2,64035,RemoteIssueLink,0,jira,,19957,"这个事务链接到 ""Commit - fix(SprintQualityPage): WorkloadCharts data range issue (网页链接)""",19957,"这个事务链接到 ""Commit - fix(SprintQualityPage): WorkloadCharts data range issue (网页链接)""",,,"{""ConnectionId"":2,""BoardId"":8}",_raw_jira_api_issue_changelogs,204718,
2,64089,RemoteIssueLink,0,jira,,19982,"这个事务链接到 ""Commit - feat(SprintWorkloadPage): update TeamMembersWorkload (网页链接)""",19982,"这个事务链接到 ""Commit - feat(SprintWorkloadPage): update TeamMembersWorkload (网页链接)""",,,"{""ConnectionId"":2,""BoardId"":8}",_raw_jira_api_issue_changelogs,204542,
2,64119,RemoteIssueLink,0,jira,,,,20030,"这个事务链接到 ""Commit - fix(SprintQualityPage): WorkloadCharts data range issue (网页链接)""",,,"{""ConnectionId"":2,""BoardId"":8}",_raw_jira_api_issue_changelogs,204719,
2,64144,RemoteIssueLink,0,jira,,,,20055,"这个事务链接到 ""Commit - feat(SprintWorkloadPage): update TeamMembersWorkload (网页链接)""",,,"{""ConnectionId"":2,""BoardId"":8}",_raw_jira_api_issue_changelogs,204543,
2,64191,RemoteIssueLink,0,jira,,20030,"这个事务链接到 ""Commit - fix(SprintQualityPage): WorkloadCharts data range issue (网页链接)""",20030,"这个事务链接到 ""Commit - fix(SprintQualityPage): WorkloadCharts data range issue (网页链接)""",,,"{""ConnectionId"":2,""BoardId"":8}",_raw_jira_api_issue_changelogs,204720,
2,64207,RemoteIssueLink,0,jira,,20055,"这个事务链接到 ""Commit - feat(SprintWorkloadPage): update TeamMembersWorkload (网页链接)""",20055,"这个事务链接到 ""Commit - feat(SprintWorkloadPage): update TeamMembersWorkload (网页链接)""",,,"{""ConnectionId"":2,""BoardId"":8}",_raw_jira_api_issue_changelogs,204544,
2,64304,RemoteIssueLink,0,jira,,,,20140,"这个事务链接到 ""Commit - feat(SprintWorkloadPage): update TeamMembersWorkload (网页链接)""",,,"{""ConnectionId"":2,""BoardId"":8}",_raw_jira_api_issue_changelogs,204545,
2,64315,RemoteIssueLink,0,jira,,,,20152,"这个事务链接到 ""Commit - fix(SprintQualityPage): WorkloadCharts data range issue (网页链接)""",,,"{""ConnectionId"":2,""BoardId"":8}",_raw_jira_api_issue_changelogs,204721,
2,64403,RemoteIssueLink,0,jira,,20152,"这个事务链接到 ""Commit - fix(SprintQualityPage): WorkloadCharts data range issue (网页链接)""",20152,"这个事务链接到 ""Commit - fix(SprintQualityPage): WorkloadCharts data range issue (网页链接)""",,,"{""ConnectionId"":2,""BoardId"":8}",_raw_jira_api_issue_changelogs,204722,
2,64428,RemoteIssueLink,0,jira,,20140,"这个事务链接到 ""Commit - feat(SprintWorkloadPage): update TeamMembersWorkload (网页链接)""",20140,"这个事务链接到 ""Commit - feat(SprintWorkloadPage): update TeamMembersWorkload (网页链接)""",,,"{""ConnectionId"":2,""BoardId"":8}",_raw_jira_api_issue_changelogs,204546,
2,64620,RemoteIssueLink,0,jira,,20140,"这个事务链接到 ""Commit - feat(SprintWorkloadPage): update TeamMembersWorkload (网页链接)""",20140,"这个事务链接到 ""Commit - feat(SprintWorkloadPage): update TeamMembersWorkload (网页链接)""",,,"{""ConnectionId"":2,""BoardId"":8}",_raw_jira_api_issue_changelogs,204547,
2,64629,RemoteIssueLink,0,jira,,20152,"这个事务链接到 ""Commit - fix(SprintQualityPage): WorkloadCharts data range issue (网页链接)""",20152,"这个事务链接到 ""Commit - fix(SprintQualityPage): WorkloadCharts data range issue (网页链接)""",,,"{""ConnectionId"":2,""BoardId"":8}",_raw_jira_api_issue_changelogs,204723,
2,64658,RemoteIssueLink,0,jira,,,,20196,"这个事务链接到 ""Commit - fix(SprintQualityPage): WorkloadCharts data range issue (网页链接)""",,,"{""ConnectionId"":2,""BoardId"":8}",_raw_jira_api_issue_changelogs,204724,
2,64698,RemoteIssueLink,0,jira,,,,20236,"这个事务链接到 ""Commit - feat(SprintWorkloadPage): update TeamMembersWorkload (网页链接)""",,,"{""ConnectionId"":2,""BoardId"":8}",_raw_jira_api_issue_changelogs,204548,
2,64777,RemoteIssueLink,0,jira,,20196,"这个事务链接到 ""Commit - fix(SprintQualityPage): WorkloadCharts data range issue (网页链接)""",20196,"这个事务链接到 ""Commit - fix(SprintQualityPage): WorkloadCharts data range issue (网页链接)""",,,"{""ConnectionId"":2,""BoardId"":8}",_raw_jira_api_issue_changelogs,204725,
2,64798,RemoteIssueLink,0,jira,,20236,"这个事务链接到 ""Commit - feat(SprintWorkloadPage): update TeamMembersWorkload (网页链接)""",20236,"这个事务链接到 ""Commit - feat(SprintWorkloadPage): update TeamMembersWorkload (网页链接)""",,,"{""ConnectionId"":2,""BoardId"":8}",_raw_jira_api_issue_changelogs,204549,
2,64873,RemoteIssueLink,0,jira,,20196,"这个事务链接到 ""Commit - fix(SprintQualityPage): WorkloadCharts data range issue (网页链接)""",20196,"这个事务链接到 ""Commit - fix(SprintQualityPage): WorkloadCharts data range issue (网页链接)""",,,"{""ConnectionId"":2,""BoardId"":8}",_raw_jira_api_issue_changelogs,204726,
2,64881,RemoteIssueLink,0,jira,,20236,"这个事务链接到 ""Commit - feat(SprintWorkloadPage): update TeamMembersWorkload (网页链接)""",20236,"这个事务链接到 ""Commit - feat(SprintWorkloadPage): update TeamMembersWorkload (网页链接)""",,,"{""ConnectionId"":2,""BoardId"":8}",_raw_jira_api_issue_changelogs,204550,
2,65061,RemoteIssueLink,0,jira,,,,20284,"这个事务链接到 ""Commit - fix(SprintQualityPage): WorkloadCharts data range issue (网页链接)""",,,"{""ConnectionId"":2,""BoardId"":8}",_raw_jira_api_issue_changelogs,204727,
2,65094,RemoteIssueLink,0,jira,,,,20317,"这个事务链接到 ""Commit - feat(SprintWorkloadPage): update TeamMembersWorkload (网页链接)""",,,"{""ConnectionId"":2,""BoardId"":8}",_raw_jira_api_issue_changelogs,204551,
2,65133,RemoteIssueLink,0,jira,,,,20356,"这个事务链接到 ""Commit - fix(SprintQualityPage): WorkloadCharts data range issue (网页链接)""",,,"{""ConnectionId"":2,""BoardId"":8}",_raw_jira_api_issue_changelogs,204728,
2,65188,RemoteIssueLink,0,jira,,,,20411,"这个事务链接到 ""Commit - feat(SprintWorkloadPage): update TeamMembersWorkload (网页链接)""",,,"{""ConnectionId"":2,""BoardId"":8}",_raw_jira_api_issue_changelogs,204552,
2,65199,RemoteIssueLink,0,jira,,20356,"这个事务链接到 ""Commit - fix(SprintQualityPage): WorkloadCharts data range issue (网页链接)""",20356,"这个事务链接到 ""Commit - fix(SprintQualityPage): WorkloadCharts data range issue (网页链接)""",,,"{""ConnectionId"":2,""BoardId"":8}",_raw_jira_api_issue_changelogs,204729,
2,65232,RemoteIssueLink,0,jira,,20411,"这个事务链接到 ""Commit - feat(SprintWorkloadPage): update TeamMembersWorkload (网页链接)""",20411,"这个事务链接到 ""Commit - feat(SprintWorkloadPage): update TeamMembersWorkload (网页链接)""",,,"{""ConnectionId"":2,""BoardId"":8}",_raw_jira_api_issue_changelogs,204553,
2,65375,RemoteIssueLink,0,jira,,,,20476,"这个事务链接到 ""Commit - fix(SprintQualityPage): WorkloadCharts data range issue (网页链接)""",,,"{""ConnectionId"":2,""BoardId"":8}",_raw_jira_api_issue_changelogs,204730,
2,65399,RemoteIssueLink,0,jira,,,,20500,"这个事务链接到 ""Commit - feat(SprintWorkloadPage): update TeamMembersWorkload (网页链接)""",,,"{""ConnectionId"":2,""BoardId"":8}",_raw_jira_api_issue_changelogs,204554,
2,65445,RemoteIssueLink,0,jira,,20476,"这个事务链接到 ""Commit - fix(SprintQualityPage): WorkloadCharts data range issue (网页链接)""",20476,"这个事务链接到 ""Commit - fix(SprintQualityPage): WorkloadCharts data range issue (网页链接)""",,,"{""ConnectionId"":2,""BoardId"":8}",_raw_jira_api_issue_changelogs,204731,
2,65486,RemoteIssueLink,0,jira,,20500,"这个事务链接到 ""Commit - feat(SprintWorkloadPage): update TeamMembersWorkload (网页链接)""",20500,"这个事务链接到 ""Commit - feat(SprintWorkloadPage): update TeamMembersWorkload (网页链接)""",,,"{""ConnectionId"":2,""BoardId"":8}",_raw_jira_api_issue_changelogs,204555,
2,65588,RemoteIssueLink,0,jira,,,,20534,"这个事务链接到 ""Commit - fix(SprintQualityPage): WorkloadCharts data range issue (网页链接)""",,,"{""ConnectionId"":2,""BoardId"":8}",_raw_jira_api_issue_changelogs,204732,
2,65614,RemoteIssueLink,0,jira,,,,20560,"这个事务链接到 ""Commit - feat(SprintWorkloadPage): update TeamMembersWorkload (网页链接)""",,,"{""ConnectionId"":2,""BoardId"":8}",_raw_jira_api_issue_changelogs,204556,
2,65693,RemoteIssueLink,0,jira,,,,20625,"这个事务链接到 ""Commit - feat(SprintWorkloadPage): update TeamMembersWorkload (网页链接)""",,,"{""ConnectionId"":2,""BoardId"":8}",_raw_jira_api_issue_changelogs,204557,
2,65741,RemoteIssueLink,0,jira,,,,20673,"这个事务链接到 ""Commit - fix(SprintQualityPage): WorkloadCharts data range issue (网页链接)""",,,"{""ConnectionId"":2,""BoardId"":8}",_raw_jira_api_issue_changelogs,204733,
2,65810,RemoteIssueLink,0,jira,,20625,"这个事务链接到 ""Commit - feat(SprintWorkloadPage): update TeamMembersWorkload (网页链接)""",20625,"这个事务链接到 ""Commit - feat(SprintWorkloadPage): update TeamMembersWorkload (网页链接)""",,,"{""ConnectionId"":2,""BoardId"":8}",_raw_jira_api_issue_changelogs,204558,
2,65845,RemoteIssueLink,0,jira,,20673,"这个事务链接到 ""Commit - fix(SprintQualityPage): WorkloadCharts data range issue (网页链接)""",20673,"这个事务链接到 ""Commit - fix(SprintQualityPage): WorkloadCharts data range issue (网页链接)""",,,"{""ConnectionId"":2,""BoardId"":8}",_raw_jira_api_issue_changelogs,204734,
2,65950,RemoteIssueLink,0,jira,,,,20742,"这个事务链接到 ""Commit - fix(SprintQualityPage): WorkloadCharts data range issue (网页链接)""",,,"{""ConnectionId"":2,""BoardId"":8}",_raw_jira_api_issue_changelogs,204735,
2,65970,RemoteIssueLink,0,jira,,,,20762,"这个事务链接到 ""Commit - feat(SprintWorkloadPage): update TeamMembersWorkload (网页链接)""",,,"{""ConnectionId"":2,""BoardId"":8}",_raw_jira_api_issue_changelogs,204559,
2,66007,RemoteIssueLink,0,jira,,,,20790,"这个事务链接到 ""Commit - fix(SprintQualityPage): WorkloadCharts data range issue (网页链接)""",,,"{""ConnectionId"":2,""BoardId"":8}",_raw_jira_api_issue_changelogs,204736,
2,66063,RemoteIssueLink,0,jira,,,,20846,"这个事务链接到 ""Commit - feat(SprintWorkloadPage): update TeamMembersWorkload (网页链接)""",,,"{""ConnectionId"":2,""BoardId"":8}",_raw_jira_api_issue_changelogs,204560,
2,66112,RemoteIssueLink,0,jira,,,,20892,"这个事务链接到 ""Commit - feat(SprintWorkloadPage): update TeamMembersWorkload (网页链接)""",,,"{""ConnectionId"":2,""BoardId"":8}",_raw_jira_api_issue_changelogs,204561,
2,66131,RemoteIssueLink,0,jira,,,,20910,"这个事务链接到 ""Commit - fix(SprintQualityPage): WorkloadCharts data range issue (网页链接)""",,,"{""ConnectionId"":2,""BoardId"":8}",_raw_jira_api_issue_changelogs,204737,
2,66319,RemoteIssueLink,0,jira,,20892,"这个事务链接到 ""Commit - feat(SprintWorkloadPage): update TeamMembersWorkload (网页链接)""",20892,"这个事务链接到 ""Commit - feat(SprintWorkloadPage): update TeamMembersWorkload (网页链接)""",,,"{""ConnectionId"":2,""BoardId"":8}",_raw_jira_api_issue_changelogs,204562,
2,66330,RemoteIssueLink,0,jira,,20910,"这个事务链接到 ""Commit - fix(SprintQualityPage): WorkloadCharts data range issue (网页链接)""",20910,"这个事务链接到 ""Commit - fix(SprintQualityPage): WorkloadCharts data range issue (网页链接)""",,,"{""ConnectionId"":2,""BoardId"":8}",_raw_jira_api_issue_changelogs,204738,
2,66453,RemoteIssueLink,0,jira,,20910,"这个事务链接到 ""Commit - fix(SprintQualityPage): WorkloadCharts data range issue (网页链接)""",20910,"这个事务链接到 ""Commit - fix(SprintQualityPage): WorkloadCharts data range issue (网页链接)""",,,"{""ConnectionId"":2,""BoardId"":8}",_raw_jira_api_issue_changelogs,204739,
2,66458,RemoteIssueLink,0,jira,,20892,"这个事务链接到 ""Commit - feat(SprintWorkloadPage): update TeamMembersWorkload (网页链接)""",20892,"这个事务链接到 ""Commit - feat(SprintWorkloadPage): update TeamMembersWorkload (网页链接)""",,,"{""ConnectionId"":2,""BoardId"":8}",_raw_jira_api_issue_changelogs,204563,
2,66758,RemoteIssueLink,0,jira,,20892,"这个事务链接到 ""Commit - feat(SprintWorkloadPage): update TeamMembersWorkload (网页链接)""",20892,"这个事务链接到 ""Commit - feat(SprintWorkloadPage): update TeamMembersWorkload (网页链接)""",,,"{""ConnectionId"":2,""BoardId"":8}",_raw_jira_api_issue_changelogs,204564,
2,66783,RemoteIssueLink,0,jira,,20910,"这个事务链接到 ""Commit - fix(SprintQualityPage): WorkloadCharts data range issue (网页链接)""",20910,"这个事务链接到 ""Commit - fix(SprintQualityPage): WorkloadCharts data range issue (网页链接)""",,,"{""ConnectionId"":2,""BoardId"":8}",_raw_jira_api_issue_changelogs,204740,
2,67187,RemoteIssueLink,0,jira,,,,21065,"这个事务链接到 ""Commit - fix(SprintQualityPage): WorkloadCharts data range issue (网页链接)""",,,"{""ConnectionId"":2,""BoardId"":8}",_raw_jira_api_issue_changelogs,204741,
2,67197,RemoteIssueLink,0,jira,,,,21075,"这个事务链接到 ""Commit - feat(SprintWorkloadPage): update TeamMembersWorkload (网页链接)""",,,"{""ConnectionId"":2,""BoardId"":8}",_raw_jira_api_issue_changelogs,204565,
2,67254,RemoteIssueLink,0,jira,,,,21132,"这个事务链接到 ""Commit - fix(SprintQualityPage): WorkloadCharts data range issue (网页链接)""",,,"{""ConnectionId"":2,""BoardId"":8}",_raw_jira_api_issue_changelogs,204742,
2,67282,RemoteIssueLink,0,jira,,,,21160,"这个事务链接到 ""Commit - feat(SprintWorkloadPage): update TeamMembersWorkload (网页链接)""",,,"{""ConnectionId"":2,""BoardId"":8}",_raw_jira_api_issue_changelogs,204566,
2,67470,RemoteIssueLink,0,jira,,21132,"这个事务链接到 ""Commit - fix(SprintQualityPage): WorkloadCharts data range issue (网页链接)""",21132,"这个事务链接到 ""Commit - fix(SprintQualityPage): WorkloadCharts data range issue (网页链接)""",,,"{""ConnectionId"":2,""BoardId"":8}",_raw_jira_api_issue_changelogs,204743,
2,67495,RemoteIssueLink,0,jira,,21160,"这个事务链接到 ""Commit - feat(SprintWorkloadPage): update TeamMembersWorkload (网页链接)""",21160,"这个事务链接到 ""Commit - feat(SprintWorkloadPage): update TeamMembersWorkload (网页链接)""",,,"{""ConnectionId"":2,""BoardId"":8}",_raw_jira_api_issue_changelogs,204567,
2,67639,RemoteIssueLink,0,jira,,,,21228,"这个事务链接到 ""Commit - feat(SprintWorkloadPage): update TeamMembersWorkload (网页链接)""",,,"{""ConnectionId"":2,""BoardId"":8}",_raw_jira_api_issue_changelogs,204568,
2,67671,RemoteIssueLink,0,jira,,,,21260,"这个事务链接到 ""Commit - fix(SprintQualityPage): WorkloadCharts data range issue (网页链接)""",,,"{""ConnectionId"":2,""BoardId"":8}",_raw_jira_api_issue_changelogs,204744,
2,67681,RemoteIssueLink,0,jira,,,,21268,"这个事务链接到 ""Commit - fix(SprintQualityPage): WorkloadCharts data range issue (网页链接)""",,,"{""ConnectionId"":2,""BoardId"":8}",_raw_jira_api_issue_changelogs,204745,
2,67721,RemoteIssueLink,0,jira,,,,21308,"这个事务链接到 ""Commit - feat(SprintWorkloadPage): update TeamMembersWorkload (网页链接)""",,,"{""ConnectionId"":2,""BoardId"":8}",_raw_jira_api_issue_changelogs,204569,
2,67800,RemoteIssueLink,0,jira,,,,21374,"这个事务链接到 ""Commit - feat(SprintWorkloadPage): update TeamMembersWorkload (网页链接)""",,,"{""ConnectionId"":2,""BoardId"":8}",_raw_jira_api_issue_changelogs,204570,
2,67827,RemoteIssueLink,0,jira,,,,21401,"这个事务链接到 ""Commit - fix(SprintQualityPage): WorkloadCharts data range issue (网页链接)""",,,"{""ConnectionId"":2,""BoardId"":8}",_raw_jira_api_issue_changelogs,204746,
2,67882,RemoteIssueLink,0,jira,,21401,"这个事务链接到 ""Commit - fix(SprintQualityPage): WorkloadCharts data range issue (网页链接)""",21401,"这个事务链接到 ""Commit - fix(SprintQualityPage): WorkloadCharts data range issue (网页链接)""",,,"{""ConnectionId"":2,""BoardId"":8}",_raw_jira_api_issue_changelogs,204747,
2,67902,RemoteIssueLink,0,jira,,21374,"这个事务链接到 ""Commit - feat(SprintWorkloadPage): update TeamMembersWorkload (网页链接)""",21374,"这个事务链接到 ""Commit - feat(SprintWorkloadPage): update TeamMembersWorkload (网页链接)""",,,"{""ConnectionId"":2,""BoardId"":8}",_raw_jira_api_issue_changelogs,204571,
2,67936,RemoteIssueLink,0,jira,,21401,"这个事务链接到 ""Commit - fix(SprintQualityPage): WorkloadCharts data range issue (网页链接)""",21401,"这个事务链接到 ""Commit - fix(SprintQualityPage): WorkloadCharts data range issue (网页链接)""",,,"{""ConnectionId"":2,""BoardId"":8}",_raw_jira_api_issue_changelogs,204748,
2,67965,RemoteIssueLink,0,jira,,21374,"这个事务链接到 ""Commit - feat(SprintWorkloadPage): update TeamMembersWorkload (网页链接)""",21374,"这个事务链接到 ""Commit - feat(SprintWorkloadPage): update TeamMembersWorkload (网页链接)""",,,"{""ConnectionId"":2,""BoardId"":8}",_raw_jira_api_issue_changelogs,204572,
2,68031,RemoteIssueLink,0,jira,,,,21447,"这个事务链接到 ""Commit - feat(SprintWorkloadPage): update TeamMembersWorkload (网页链接)""",,,"{""ConnectionId"":2,""BoardId"":8}",_raw_jira_api_issue_changelogs,204573,
2,68044,RemoteIssueLink,0,jira,,,,21460,"这个事务链接到 ""Commit - fix(SprintQualityPage): WorkloadCharts data range issue (网页链接)""",,,"{""ConnectionId"":2,""BoardId"":8}",_raw_jira_api_issue_changelogs,204749,
2,68108,RemoteIssueLink,0,jira,,21460,"这个事务链接到 ""Commit - fix(SprintQualityPage): WorkloadCharts data range issue (网页链接)""",21460,"这个事务链接到 ""Commit - fix(SprintQualityPage): WorkloadCharts data range issue (网页链接)""",,,"{""ConnectionId"":2,""BoardId"":8}",_raw_jira_api_issue_changelogs,204750,
2,68127,RemoteIssueLink,0,jira,,21447,"这个事务链接到 ""Commit - feat(SprintWorkloadPage): update TeamMembersWorkload (网页链接)""",21447,"这个事务链接到 ""Commit - feat(SprintWorkloadPage): update TeamMembersWorkload (网页链接)""",,,"{""ConnectionId"":2,""BoardId"":8}",_raw_jira_api_issue_changelogs,204574,
2,68209,RemoteIssueLink,0,jira,,,,21535,"这个事务链接到 ""Commit - feat(SprintWorkloadPage): update TeamMembersWorkload (网页链接)""",,,"{""ConnectionId"":2,""BoardId"":8}",_raw_jira_api_issue_changelogs,204575,
2,68254,RemoteIssueLink,0,jira,,,,21580,"这个事务链接到 ""Commit - fix(SprintQualityPage): WorkloadCharts data range issue (网页链接)""",,,"{""ConnectionId"":2,""BoardId"":8}",_raw_jira_api_issue_changelogs,204751,
2,68344,RemoteIssueLink,0,jira,,21580,"这个事务链接到 ""Commit - fix(SprintQualityPage): WorkloadCharts data range issue (网页链接)""",21580,"这个事务链接到 ""Commit - fix(SprintQualityPage): WorkloadCharts data range issue (网页链接)""",,,"{""ConnectionId"":2,""BoardId"":8}",_raw_jira_api_issue_changelogs,204752,
2,68355,RemoteIssueLink,0,jira,,21535,"这个事务链接到 ""Commit - feat(SprintWorkloadPage): update TeamMembersWorkload (网页链接)""",21535,"这个事务链接到 ""Commit - feat(SprintWorkloadPage): update TeamMembersWorkload (网页链接)""",,,"{""ConnectionId"":2,""BoardId"":8}",_raw_jira_api_issue_changelogs,204576,
2,68580,RemoteIssueLink,0,jira,,,,21631,"这个事务链接到 ""Commit - fix(SprintQualityPage): WorkloadCharts data range issue (网页链接)""",,,"{""ConnectionId"":2,""BoardId"":8}",_raw_jira_api_issue_changelogs,204753,
2,68607,RemoteIssueLink,0,jira,,,,21658,"这个事务链接到 ""Commit - feat(SprintWorkloadPage): update TeamMembersWorkload (网页链接)""",,,"{""ConnectionId"":2,""BoardId"":8}",_raw_jira_api_issue_changelogs,204577,
2,68685,RemoteIssueLink,0,jira,,21631,"这个事务链接到 ""Commit - fix(SprintQualityPage): WorkloadCharts data range issue (网页链接)""",21631,"这个事务链接到 ""Commit - fix(SprintQualityPage): WorkloadCharts data range issue (网页链接)""",,,"{""ConnectionId"":2,""BoardId"":8}",_raw_jira_api_issue_changelogs,204754,
2,68706,RemoteIssueLink,0,jira,,21658,"这个事务链接到 ""Commit - feat(SprintWorkloadPage): update TeamMembersWorkload (网页链接)""",21658,"这个事务链接到 ""Commit - feat(SprintWorkloadPage): update TeamMembersWorkload (网页链接)""",,,"{""ConnectionId"":2,""BoardId"":8}",_raw_jira_api_issue_changelogs,204578,
2,68878,RemoteIssueLink,0,jira,,21631,"这个事务链接到 ""Commit - fix(SprintQualityPage): WorkloadCharts data range issue (网页链接)""",21631,"这个事务链接到 ""Commit - fix(SprintQualityPage): WorkloadCharts data range issue (网页链接)""",,,"{""ConnectionId"":2,""BoardId"":8}",_raw_jira_api_issue_changelogs,204755,
2,68927,RemoteIssueLink,0,jira,,,,21731,"这个事务链接到 ""Commit - feat(SprintWorkloadPage): update TeamMembersWorkload (网页链接)""",,,"{""ConnectionId"":2,""BoardId"":8}",_raw_jira_api_issue_changelogs,204579,
2,68956,RemoteIssueLink,0,jira,,,,21760,"这个事务链接到 ""Commit - fix(SprintQualityPage): WorkloadCharts data range issue (网页链接)""",,,"{""ConnectionId"":2,""BoardId"":8}",_raw_jira_api_issue_changelogs,204756,
2,69111,RemoteIssueLink,0,jira,,21760,"这个事务链接到 ""Commit - fix(SprintQualityPage): WorkloadCharts data range issue (网页链接)""",21760,"这个事务链接到 ""Commit - fix(SprintQualityPage): WorkloadCharts data range issue (网页链接)""",,,"{""ConnectionId"":2,""BoardId"":8}",_raw_jira_api_issue_changelogs,204757,
2,69230,RemoteIssueLink,0,jira,,21631,"这个事务链接到 ""Commit - fix(SprintQualityPage): WorkloadCharts data range issue (网页链接)""",21631,"这个事务链接到 ""Commit - fix(SprintQualityPage): WorkloadCharts data range issue (网页链接)""",,,"{""ConnectionId"":2,""BoardId"":8}",_raw_jira_api_issue_changelogs,204758,
2,69241,RemoteIssueLink,0,jira,,21760,"这个事务链接到 ""Commit - fix(SprintQualityPage): WorkloadCharts data range issue (网页链接)""",21760,"这个事务链接到 ""Commit - fix(SprintQualityPage): WorkloadCharts data range issue (网页链接)""",,,"{""ConnectionId"":2,""BoardId"":8}",_raw_jira_api_issue_changelogs,204759,
2,69364,RemoteIssueLink,0,jira,,,,21874,"这个事务链接到 ""Commit - fix(SprintQualityPage): WorkloadCharts data range issue (网页链接)""",,,"{""ConnectionId"":2,""BoardId"":8}",_raw_jira_api_issue_changelogs,204760,
2,69646,RemoteIssueLink,0,jira,,,,22105,"这个事务链接到 ""Commit - fix(SprintQualityPage): WorkloadCharts data range issue (网页链接)""",,,"{""ConnectionId"":2,""BoardId"":8}",_raw_jira_api_issue_changelogs,204761,
2,78079,description,0,jira,description,,,"{""id"":""ari:cloud:jira:b696e399-4a1d-4ef6-a6e8-d4243f3b59f6:issuefieldvalue/13954/description"",""version"":""1""}",[https://merico.feishu.cn/docs/doccnSWrabVVRZc8DS2dTiNbHJf#92R593|https://merico.feishu.cn/docs/doccnSWrabVVRZc8DS2dTiNbHJf#92R593],,,"{""ConnectionId"":2,""BoardId"":8}",_raw_jira_api_issue_changelogs,204583,
2,78081,Link,0,jira,,,,EE-3330,This issue relates to EE-3330,,,"{""ConnectionId"":2,""BoardId"":8}",_raw_jira_api_issue_changelogs,204584,
2,78089,Sprint,0,custom,customfield_10020,,,38,EE Sprint 28,,,"{""ConnectionId"":2,""BoardId"":8}",_raw_jira_api_issue_changelogs,204585,
2,78339,status,0,jira,status,1,Open,10074,开发中,,,"{""ConnectionId"":2,""BoardId"":8}",_raw_jira_api_issue_changelogs,204586,
2,78340,RemoteIssueLink,0,jira,,,,26296,"这个事务链接到 ""Commit - EE-3394 EE-3396 每日贡献者统计 (网页链接)""",,,"{""ConnectionId"":2,""BoardId"":8}",_raw_jira_api_issue_changelogs,204587,
2,78711,Sprint,0,custom,customfield_10020,38,EE Sprint 28,"38, 40","EE Sprint 28, EE Sprint 29",,,"{""ConnectionId"":2,""BoardId"":8}",_raw_jira_api_issue_changelogs,204588,
2,78757,RemoteIssueLink,0,jira,,,,26331,"这个事务链接到 ""Commit - EE-3394 EE-3396 每日贡献者统计 (网页链接)""",,,"{""ConnectionId"":2,""BoardId"":8}",_raw_jira_api_issue_changelogs,204589,
2,79398,RemoteIssueLink,0,jira,,,,26519,"这个事务链接到 ""Commit - EE-3394 EE-3396 每日贡献者统计 (网页链接)""",,,"{""ConnectionId"":2,""BoardId"":8}",_raw_jira_api_issue_changelogs,204590,
2,80223,RemoteIssueLink,0,jira,,,,26745,"这个事务链接到 ""Commit - EE-3394 EE-3396 每日贡献者统计 (网页链接)""",,,"{""ConnectionId"":2,""BoardId"":8}",_raw_jira_api_issue_changelogs,204591,
2,80740,RemoteIssueLink,0,jira,,,,26961,"这个事务链接到 ""Commit - EE-3394 EE-3396 每日贡献者统计 (网页链接)""",,,"{""ConnectionId"":2,""BoardId"":8}",_raw_jira_api_issue_changelogs,204592,
2,80759,RemoteIssueLink,0,jira,,26745,"这个事务链接到 ""Commit - EE-3394 EE-3396 每日贡献者统计 (网页链接)""",26745,"这个事务链接到 ""Commit - EE-3394 EE-3396 每日贡献者统计 (网页链接)""",,,"{""ConnectionId"":2,""BoardId"":8}",_raw_jira_api_issue_changelogs,204593,
2,81021,Sprint,0,custom,customfield_10020,"38, 40","EE Sprint 28, EE Sprint 29","38, 40, 41","EE Sprint 28, EE Sprint 29, EE Sprint 30",,,"{""ConnectionId"":2,""BoardId"":8}",_raw_jira_api_issue_changelogs,204594,
2,81336,RemoteIssueLink,0,jira,,,,27059,"这个事务链接到 ""Commit - EE-3394 EE-3396 每日贡献者统计 (网页链接)""",,,"{""ConnectionId"":2,""BoardId"":8}",_raw_jira_api_issue_changelogs,204595,
2,81342,RemoteIssueLink,0,jira,,,,27063,"这个事务链接到 ""Commit - EE-3394 项目组查询每日贡献者统计 (网页链接)""",,,"{""ConnectionId"":2,""BoardId"":8}",_raw_jira_api_issue_changelogs,204596,
2,81400,RemoteIssueLink,0,jira,,27059,"这个事务链接到 ""Commit - EE-3394 EE-3396 每日贡献者统计 (网页链接)""",27059,"这个事务链接到 ""Commit - EE-3394 EE-3396 每日贡献者统计 (网页链接)""",,,"{""ConnectionId"":2,""BoardId"":8}",_raw_jira_api_issue_changelogs,204597,
2,81404,RemoteIssueLink,0,jira,,27063,"这个事务链接到 ""Commit - EE-3394 项目组查询每日贡献者统计 (网页链接)""",27063,"这个事务链接到 ""Commit - EE-3394 项目组查询每日贡献者统计 (网页链接)""",,,"{""ConnectionId"":2,""BoardId"":8}",_raw_jira_api_issue_changelogs,204598,
2,81425,RemoteIssueLink,0,jira,,,,27114,"这个事务链接到 ""Merge request - Draft: 累积当量趋势-表：增加每个周期的人数 (网页链接)""",,,"{""ConnectionId"":2,""BoardId"":8}",_raw_jira_api_issue_changelogs,204599,
2,81437,RemoteIssueLink,0,jira,,,,27117,"这个事务链接到 ""Merge request - Resolve EE-3394 (网页链接)""",,,"{""ConnectionId"":2,""BoardId"":8}",_raw_jira_api_issue_changelogs,204600,
2,81439,RemoteIssueLink,0,jira,,27114,"这个事务链接到 ""Merge request - Draft: 累积当量趋势-表：增加每个周期的人数 (网页链接)""",27114,"这个事务链接到 ""Merge request - Draft: 累积当量趋势-表：增加每个周期的人数 (网页链接)""",,,"{""ConnectionId"":2,""BoardId"":8}",_raw_jira_api_issue_changelogs,204601,
2,81544,RemoteIssueLink,0,jira,,27114,"这个事务链接到 ""Merge request - Draft: 累积当量趋势-表：增加每个周期的人数 (网页链接)""",27114,"这个事务链接到 ""Merge request - 累积当量趋势-表：增加每个周期的人数 (网页链接)""",,,"{""ConnectionId"":2,""BoardId"":8}",_raw_jira_api_issue_changelogs,204602,
2,81605,RemoteIssueLink,0,jira,,27059,"这个事务链接到 ""Commit - EE-3394 EE-3396 每日贡献者统计 (网页链接)""",27059,"这个事务链接到 ""Commit - EE-3394 EE-3396 每日贡献者统计 (网页链接)""",,,"{""ConnectionId"":2,""BoardId"":8}",_raw_jira_api_issue_changelogs,204603,
2,81607,RemoteIssueLink,0,jira,,27063,"这个事务链接到 ""Commit - EE-3394 项目组查询每日贡献者统计 (网页链接)""",27063,"这个事务链接到 ""Commit - EE-3394 项目组查询每日贡献者统计 (网页链接)""",,,"{""ConnectionId"":2,""BoardId"":8}",_raw_jira_api_issue_changelogs,204604,
2,81658,RemoteIssueLink,0,jira,,,,27209,"这个事务链接到 ""Commit - EE-3394 EE-3396 每日贡献者统计 (网页链接)""",,,"{""ConnectionId"":2,""BoardId"":8}",_raw_jira_api_issue_changelogs,204605,
2,81664,RemoteIssueLink,0,jira,,,,27211,"这个事务链接到 ""Commit - EE-3394 项目组查询每日贡献者统计 (网页链接)""",,,"{""ConnectionId"":2,""BoardId"":8}",_raw_jira_api_issue_changelogs,204606,
2,81720,RemoteIssueLink,0,jira,,27063,"这个事务链接到 ""Commit - EE-3394 项目组查询每日贡献者统计 (网页链接)""",27063,"这个事务链接到 ""Commit - EE-3394 项目组查询每日贡献者统计 (网页链接)""",,,"{""ConnectionId"":2,""BoardId"":8}",_raw_jira_api_issue_changelogs,204607,
2,81721,RemoteIssueLink,0,jira,,27059,"这个事务链接到 ""Commit - EE-3394 EE-3396 每日贡献者统计 (网页链接)""",27059,"这个事务链接到 ""Commit - EE-3394 EE-3396 每日贡献者统计 (网页链接)""",,,"{""ConnectionId"":2,""BoardId"":8}",_raw_jira_api_issue_changelogs,204608,
2,81730,status,0,jira,status,10074,开发中,10075,Code Review,,,"{""ConnectionId"":2,""BoardId"":8}",_raw_jira_api_issue_changelogs,204609,
2,82170,RemoteIssueLink,0,jira,,27209,"这个事务链接到 ""Commit - EE-3394 EE-3396 每日贡献者统计 (网页链接)""",27209,"这个事务链接到 ""Commit - EE-3394 EE-3396 每日贡献者统计 (网页链接)""",,,"{""ConnectionId"":2,""BoardId"":8}",_raw_jira_api_issue_changelogs,204610,
2,82173,RemoteIssueLink,0,jira,,27211,"这个事务链接到 ""Commit - EE-3394 项目组查询每日贡献者统计 (网页链接)""",27211,"这个事务链接到 ""Commit - EE-3394 项目组查询每日贡献者统计 (网页链接)""",,,"{""ConnectionId"":2,""BoardId"":8}",_raw_jira_api_issue_changelogs,204611,
2,82735,RemoteIssueLink,0,jira,,,,27650,"这个事务链接到 ""Commit - EE-3394 项目组查询每日贡献者统计 (网页链接)""",,,"{""ConnectionId"":2,""BoardId"":8}",_raw_jira_api_issue_changelogs,204612,
2,82765,RemoteIssueLink,0,jira,,,,27651,"这个事务链接到 ""Commit - EE-3394 EE-3396 每日贡献者统计 (网页链接)""",,,"{""ConnectionId"":2,""BoardId"":8}",_raw_jira_api_issue_changelogs,204613,
2,82778,RemoteIssueLink,0,jira,,,,27662,"这个事务链接到 ""Commit - EE-3394 将查询移动到columnSqlFragment (网页链接)""",,,"{""ConnectionId"":2,""BoardId"":8}",_raw_jira_api_issue_changelogs,204614,
2,82813,RemoteIssueLink,0,jira,,27114,"这个事务链接到 ""Merge request - 累积当量趋势-表：增加每个周期的人数 (网页链接)""",27114,"这个事务链接到 ""Merge request - Draft: 累积当量趋势-表：增加每个周期的人数 (网页链接)""",,,"{""ConnectionId"":2,""BoardId"":8}",_raw_jira_api_issue_changelogs,204615,
2,82861,Link,0,jira,,,,EE-3582,This issue causes EE-3582,,,"{""ConnectionId"":2,""BoardId"":8}",_raw_jira_api_issue_changelogs,204616,
2,82878,RemoteIssueLink,0,jira,,27662,"这个事务链接到 ""Commit - EE-3394 将查询移动到columnSqlFragment (网页链接)""",27662,"这个事务链接到 ""Commit - EE-3394 将查询移动到columnSqlFragment (网页链接)""",,,"{""ConnectionId"":2,""BoardId"":8}",_raw_jira_api_issue_changelogs,204617,
2,82879,RemoteIssueLink,0,jira,,27650,"这个事务链接到 ""Commit - EE-3394 项目组查询每日贡献者统计 (网页链接)""",27650,"这个事务链接到 ""Commit - EE-3394 项目组查询每日贡献者统计 (网页链接)""",,,"{""ConnectionId"":2,""BoardId"":8}",_raw_jira_api_issue_changelogs,204618,
2,82889,RemoteIssueLink,0,jira,,27651,"这个事务链接到 ""Commit - EE-3394 EE-3396 每日贡献者统计 (网页链接)""",27651,"这个事务链接到 ""Commit - EE-3394 EE-3396 每日贡献者统计 (网页链接)""",,,"{""ConnectionId"":2,""BoardId"":8}",_raw_jira_api_issue_changelogs,204619,
2,83461,Sprint,0,custom,customfield_10020,"38, 40, 41","EE Sprint 28, EE Sprint 29, EE Sprint 30","38, 40, 41, 42","EE Sprint 28, EE Sprint 29, EE Sprint 30, EE Sprint 31",,,"{""ConnectionId"":2,""BoardId"":8}",_raw_jira_api_issue_changelogs,204620,
2,84241,RemoteIssueLink,0,jira,,,,28222,"这个事务链接到 ""Commit - EE-3394 项目组查询每日贡献者统计 (网页链接)""",,,"{""ConnectionId"":2,""BoardId"":8}",_raw_jira_api_issue_changelogs,204621,
2,84243,RemoteIssueLink,0,jira,,,,28224,"这个事务链接到 ""Commit - EE-3394 EE-3396 每日贡献者统计 (网页链接)""",,,"{""ConnectionId"":2,""BoardId"":8}",_raw_jira_api_issue_changelogs,204622,
2,84244,RemoteIssueLink,0,jira,,,,28225,"这个事务链接到 ""Commit - EE-3394 将查询移动到columnSqlFragment (网页链接)""",,,"{""ConnectionId"":2,""BoardId"":8}",_raw_jira_api_issue_changelogs,204623,
2,84572,RemoteIssueLink,0,jira,,,,28259,"这个事务链接到 ""Commit - EE-3394 EE-3396 每日贡献者统计 (网页链接)""",,,"{""ConnectionId"":2,""BoardId"":8}",_raw_jira_api_issue_changelogs,204624,
2,84574,RemoteIssueLink,0,jira,,,,28260,"这个事务链接到 ""Commit - EE-3394 项目组查询每日贡献者统计 (网页链接)""",,,"{""ConnectionId"":2,""BoardId"":8}",_raw_jira_api_issue_changelogs,204625,
2,84595,RemoteIssueLink,0,jira,,,,28263,"这个事务链接到 ""Commit - EE-3394 将查询移动到columnSqlFragment (网页链接)""",,,"{""ConnectionId"":2,""BoardId"":8}",_raw_jira_api_issue_changelogs,204626,
2,84643,RemoteIssueLink,0,jira,,27114,"这个事务链接到 ""Merge request - Draft: 累积当量趋势-表：增加每个周期的人数 (网页链接)""",27114,"这个事务链接到 ""Merge request - 累积当量趋势-表：增加每个周期的人数 (网页链接)""",,,"{""ConnectionId"":2,""BoardId"":8}",_raw_jira_api_issue_changelogs,204627,
2,84656,RemoteIssueLink,0,jira,,28260,"这个事务链接到 ""Commit - EE-3394 项目组查询每日贡献者统计 (网页链接)""",28260,"这个事务链接到 ""Commit - EE-3394 项目组查询每日贡献者统计 (网页链接)""",,,"{""ConnectionId"":2,""BoardId"":8}",_raw_jira_api_issue_changelogs,204628,
2,84661,RemoteIssueLink,0,jira,,28263,"这个事务链接到 ""Commit - EE-3394 将查询移动到columnSqlFragment (网页链接)""",28263,"这个事务链接到 ""Commit - EE-3394 将查询移动到columnSqlFragment (网页链接)""",,,"{""ConnectionId"":2,""BoardId"":8}",_raw_jira_api_issue_changelogs,204629,
2,84692,RemoteIssueLink,0,jira,,28259,"这个事务链接到 ""Commit - EE-3394 EE-3396 每日贡献者统计 (网页链接)""",28259,"这个事务链接到 ""Commit - EE-3394 EE-3396 每日贡献者统计 (网页链接)""",,,"{""ConnectionId"":2,""BoardId"":8}",_raw_jira_api_issue_changelogs,204630,
2,84940,RemoteIssueLink,0,jira,,28260,"这个事务链接到 ""Commit - EE-3394 项目组查询每日贡献者统计 (网页链接)""",28260,"这个事务链接到 ""Commit - EE-3394 项目组查询每日贡献者统计 (网页链接)""",,,"{""ConnectionId"":2,""BoardId"":8}",_raw_jira_api_issue_changelogs,204631,
2,84945,RemoteIssueLink,0,jira,,28259,"这个事务链接到 ""Commit - EE-3394 EE-3396 每日贡献者统计 (网页链接)""",28259,"这个事务链接到 ""Commit - EE-3394 EE-3396 每日贡献者统计 (网页链接)""",,,"{""ConnectionId"":2,""BoardId"":8}",_raw_jira_api_issue_changelogs,204632,
2,84949,RemoteIssueLink,0,jira,,28263,"这个事务链接到 ""Commit - EE-3394 将查询移动到columnSqlFragment (网页链接)""",28263,"这个事务链接到 ""Commit - EE-3394 将查询移动到columnSqlFragment (网页链接)""",,,"{""ConnectionId"":2,""BoardId"":8}",_raw_jira_api_issue_changelogs,204633,
2,85372,RemoteIssueLink,0,jira,,,,28450,"这个事务链接到 ""Commit - Merge branch 'EE-3330' into 'EE-3394' (网页链接)""",,,"{""ConnectionId"":2,""BoardId"":8}",_raw_jira_api_issue_changelogs,204634,
2,85374,RemoteIssueLink,0,jira,,,,28452,"这个事务链接到 ""Commit - Merge branch 'EE-3326' into 'EE-3394' (网页链接)""",,,"{""ConnectionId"":2,""BoardId"":8}",_raw_jira_api_issue_changelogs,204635,
2,85377,status,0,jira,status,10075,Code Review,10091,待测试,,,"{""ConnectionId"":2,""BoardId"":8}",_raw_jira_api_issue_changelogs,204636,
2,85387,RemoteIssueLink,0,jira,,,,28457,"这个事务链接到 ""Commit - EE-3394 项目组查询每日贡献者统计 (网页链接)""",,,"{""ConnectionId"":2,""BoardId"":8}",_raw_jira_api_issue_changelogs,204637,
2,85390,RemoteIssueLink,0,jira,,,,28460,"这个事务链接到 ""Commit - EE-3394 将查询移动到columnSqlFragment (网页链接)""",,,"{""ConnectionId"":2,""BoardId"":8}",_raw_jira_api_issue_changelogs,204638,
2,85391,RemoteIssueLink,0,jira,,,,28461,"这个事务链接到 ""Commit - EE-3394 EE-3396 每日贡献者统计 (网页链接)""",,,"{""ConnectionId"":2,""BoardId"":8}",_raw_jira_api_issue_changelogs,204639,
2,85934,Sprint,0,custom,customfield_10020,"38, 40, 41, 42","EE Sprint 28, EE Sprint 29, EE Sprint 30, EE Sprint 31","38, 40, 41, 42, 43","EE Sprint 28, EE Sprint 29, EE Sprint 30, EE Sprint 31, EE Sprint 32",,,"{""ConnectionId"":2,""BoardId"":8}",_raw_jira_api_issue_changelogs,204640,
2,88997,Workflow,0,jira,,16951,Software Simplified Workflow for Project EE,20819,Software Simplified Workflow for Project EE-story,,,"{""ConnectionId"":2,""BoardId"":8}",_raw_jira_api_issue_changelogs,204580,
2,88997,status,0,jira,status,6,Closed,10068,已完成,,,"{""ConnectionId"":2,""BoardId"":8}",_raw_jira_api_issue_changelogs,204580,
2,89066,Workflow,0,jira,,17632,Software Simplified Workflow for Project EE,20888,Software Simplified Workflow for Project EE-story,,,"{""ConnectionId"":2,""BoardId"":8}",_raw_jira_api_issue_changelogs,204641,
2,89066,status,0,jira,status,10091,待测试,10084,测试中,,,"{""ConnectionId"":2,""BoardId"":8}",_raw_jira_api_issue_changelogs,204641,
2,89324,Link,0,jira,,,,EE-3654,This issue relates to EE-3654,,,"{""ConnectionId"":2,""BoardId"":8}",_raw_jira_api_issue_changelogs,204642,
2,92607,Workflow,0,jira,,20888,Software Simplified Workflow for Project EE-story,23293,Software Simplified Workflow for Project EE-story2,,,"{""ConnectionId"":2,""BoardId"":8}",_raw_jira_api_issue_changelogs,204643,
2,93574,Workflow,0,jira,,20819,Software Simplified Workflow for Project EE-story,24260,Software Simplified Workflow for Project EE-story2,,,"{""ConnectionId"":2,""BoardId"":8}",_raw_jira_api_issue_changelogs,204581,
2,93661,status,0,jira,status,10084,测试中,10141,发布中,,,"{""ConnectionId"":2,""BoardId"":8}",_raw_jira_api_issue_changelogs,204644,
2,93680,RemoteIssueLink,0,jira,,,,29112,"这个事务链接到 ""Commit - EE-3394 项目组查询每日贡献者统计 (网页链接)""",,,"{""ConnectionId"":2,""BoardId"":8}",_raw_jira_api_issue_changelogs,204645,
2,93683,RemoteIssueLink,0,jira,,,,29113,"这个事务链接到 ""Commit - EE-3394 EE-3396 每日贡献者统计 (网页链接)""",,,"{""ConnectionId"":2,""BoardId"":8}",_raw_jira_api_issue_changelogs,204646,
2,93694,RemoteIssueLink,0,jira,,,,29116,"这个事务链接到 ""Commit - EE-3394 将查询移动到columnSqlFragment (网页链接)""",,,"{""ConnectionId"":2,""BoardId"":8}",_raw_jira_api_issue_changelogs,204647,
2,94156,RemoteIssueLink,0,jira,,,,29279,"这个事务链接到 ""Commit - EE-3394 项目组查询每日贡献者统计 (网页链接)""",,,"{""ConnectionId"":2,""BoardId"":8}",_raw_jira_api_issue_changelogs,204648,
2,94157,RemoteIssueLink,0,jira,,,,29280,"这个事务链接到 ""Commit - EE-3394 将查询移动到columnSqlFragment (网页链接)""",,,"{""ConnectionId"":2,""BoardId"":8}",_raw_jira_api_issue_changelogs,204649,
2,94159,RemoteIssueLink,0,jira,,,,29282,"这个事务链接到 ""Commit - EE-3394 EE-3396 每日贡献者统计 (网页链接)""",,,"{""ConnectionId"":2,""BoardId"":8}",_raw_jira_api_issue_changelogs,204650,
2,94192,RemoteIssueLink,0,jira,,29282,"这个事务链接到 ""Commit - EE-3394 EE-3396 每日贡献者统计 (网页链接)""",29282,"这个事务链接到 ""Commit - EE-3394 EE-3396 每日贡献者统计 (网页链接)""",,,"{""ConnectionId"":2,""BoardId"":8}",_raw_jira_api_issue_changelogs,204651,
2,94194,RemoteIssueLink,0,jira,,29279,"这个事务链接到 ""Commit - EE-3394 项目组查询每日贡献者统计 (网页链接)""",29279,"这个事务链接到 ""Commit - EE-3394 项目组查询每日贡献者统计 (网页链接)""",,,"{""ConnectionId"":2,""BoardId"":8}",_raw_jira_api_issue_changelogs,204652,
2,94200,RemoteIssueLink,0,jira,,29280,"这个事务链接到 ""Commit - EE-3394 将查询移动到columnSqlFragment (网页链接)""",29280,"这个事务链接到 ""Commit - EE-3394 将查询移动到columnSqlFragment (网页链接)""",,,"{""ConnectionId"":2,""BoardId"":8}",_raw_jira_api_issue_changelogs,204653,
2,94201,RemoteIssueLink,0,jira,,,,29286,"这个事务链接到 ""Commit - Merge branch 'EE-3394' into 'master' (网页链接)""",,,"{""ConnectionId"":2,""BoardId"":8}",_raw_jira_api_issue_changelogs,204654,
2,94205,RemoteIssueLink,0,jira,,29286,"这个事务链接到 ""Commit - Merge branch 'EE-3394' into 'master' (网页链接)""",29286,"这个事务链接到 ""Commit - Merge branch 'EE-3394' into 'master' (网页链接)""",,,"{""ConnectionId"":2,""BoardId"":8}",_raw_jira_api_issue_changelogs,204655,
2,94210,RemoteIssueLink,0,jira,,29282,"这个事务链接到 ""Commit - EE-3394 EE-3396 每日贡献者统计 (网页链接)""",29282,"这个事务链接到 ""Commit - EE-3394 EE-3396 每日贡献者统计 (网页链接)""",,,"{""ConnectionId"":2,""BoardId"":8}",_raw_jira_api_issue_changelogs,204656,
2,94215,RemoteIssueLink,0,jira,,29279,"这个事务链接到 ""Commit - EE-3394 项目组查询每日贡献者统计 (网页链接)""",29279,"这个事务链接到 ""Commit - EE-3394 项目组查询每日贡献者统计 (网页链接)""",,,"{""ConnectionId"":2,""BoardId"":8}",_raw_jira_api_issue_changelogs,204657,
2,94218,RemoteIssueLink,0,jira,,29280,"这个事务链接到 ""Commit - EE-3394 将查询移动到columnSqlFragment (网页链接)""",29280,"这个事务链接到 ""Commit - EE-3394 将查询移动到columnSqlFragment (网页链接)""",,,"{""ConnectionId"":2,""BoardId"":8}",_raw_jira_api_issue_changelogs,204658,
2,94246,RemoteIssueLink,0,jira,,29280,"这个事务链接到 ""Commit - EE-3394 将查询移动到columnSqlFragment (网页链接)""",29280,"这个事务链接到 ""Commit - EE-3394 将查询移动到columnSqlFragment (网页链接)""",,,"{""ConnectionId"":2,""BoardId"":8}",_raw_jira_api_issue_changelogs,204659,
2,94251,RemoteIssueLink,0,jira,,29282,"这个事务链接到 ""Commit - EE-3394 EE-3396 每日贡献者统计 (网页链接)""",29282,"这个事务链接到 ""Commit - EE-3394 EE-3396 每日贡献者统计 (网页链接)""",,,"{""ConnectionId"":2,""BoardId"":8}",_raw_jira_api_issue_changelogs,204660,
2,94253,RemoteIssueLink,0,jira,,29279,"这个事务链接到 ""Commit - EE-3394 项目组查询每日贡献者统计 (网页链接)""",29279,"这个事务链接到 ""Commit - EE-3394 项目组查询每日贡献者统计 (网页链接)""",,,"{""ConnectionId"":2,""BoardId"":8}",_raw_jira_api_issue_changelogs,204661,
2,94255,RemoteIssueLink,0,jira,,29286,"这个事务链接到 ""Commit - Merge branch 'EE-3394' into 'master' (网页链接)""",29286,"这个事务链接到 ""Commit - Merge branch 'EE-3394' into 'master' (网页链接)""",,,"{""ConnectionId"":2,""BoardId"":8}",_raw_jira_api_issue_changelogs,204662,
2,94275,RemoteIssueLink,0,jira,,29279,"这个事务链接到 ""Commit - EE-3394 项目组查询每日贡献者统计 (网页链接)""",29279,"这个事务链接到 ""Commit - EE-3394 项目组查询每日贡献者统计 (网页链接)""",,,"{""ConnectionId"":2,""BoardId"":8}",_raw_jira_api_issue_changelogs,204663,
2,94277,RemoteIssueLink,0,jira,,29282,"这个事务链接到 ""Commit - EE-3394 EE-3396 每日贡献者统计 (网页链接)""",29282,"这个事务链接到 ""Commit - EE-3394 EE-3396 每日贡献者统计 (网页链接)""",,,"{""ConnectionId"":2,""BoardId"":8}",_raw_jira_api_issue_changelogs,204664,
2,94281,RemoteIssueLink,0,jira,,29280,"这个事务链接到 ""Commit - EE-3394 将查询移动到columnSqlFragment (网页链接)""",29280,"这个事务链接到 ""Commit - EE-3394 将查询移动到columnSqlFragment (网页链接)""",,,"{""ConnectionId"":2,""BoardId"":8}",_raw_jira_api_issue_changelogs,204665,
2,94287,RemoteIssueLink,0,jira,,29286,"这个事务链接到 ""Commit - Merge branch 'EE-3394' into 'master' (网页链接)""",29286,"这个事务链接到 ""Commit - Merge branch 'EE-3394' into 'master' (网页链接)""",,,"{""ConnectionId"":2,""BoardId"":8}",_raw_jira_api_issue_changelogs,204666,
2,94301,RemoteIssueLink,0,jira,,29280,"这个事务链接到 ""Commit - EE-3394 将查询移动到columnSqlFragment (网页链接)""",29280,"这个事务链接到 ""Commit - EE-3394 将查询移动到columnSqlFragment (网页链接)""",,,"{""ConnectionId"":2,""BoardId"":8}",_raw_jira_api_issue_changelogs,204667,
2,94303,RemoteIssueLink,0,jira,,29282,"这个事务链接到 ""Commit - EE-3394 EE-3396 每日贡献者统计 (网页链接)""",29282,"这个事务链接到 ""Commit - EE-3394 EE-3396 每日贡献者统计 (网页链接)""",,,"{""ConnectionId"":2,""BoardId"":8}",_raw_jira_api_issue_changelogs,204668,
2,94304,RemoteIssueLink,0,jira,,29279,"这个事务链接到 ""Commit - EE-3394 项目组查询每日贡献者统计 (网页链接)""",29279,"这个事务链接到 ""Commit - EE-3394 项目组查询每日贡献者统计 (网页链接)""",,,"{""ConnectionId"":2,""BoardId"":8}",_raw_jira_api_issue_changelogs,204669,
2,94333,RemoteIssueLink,0,jira,,29286,"这个事务链接到 ""Commit - Merge branch 'EE-3394' into 'master' (网页链接)""",29286,"这个事务链接到 ""Commit - Merge branch 'EE-3394' into 'master' (网页链接)""",,,"{""ConnectionId"":2,""BoardId"":8}",_raw_jira_api_issue_changelogs,204670,
2,94358,RemoteIssueLink,0,jira,,29286,"这个事务链接到 ""Commit - Merge branch 'EE-3394' into 'master' (网页链接)""",29286,"这个事务链接到 ""Commit - Merge branch 'EE-3394' into 'master' (网页链接)""",,,"{""ConnectionId"":2,""BoardId"":8}",_raw_jira_api_issue_changelogs,204671,
2,94367,RemoteIssueLink,0,jira,,29282,"这个事务链接到 ""Commit - EE-3394 EE-3396 每日贡献者统计 (网页链接)""",29282,"这个事务链接到 ""Commit - EE-3394 EE-3396 每日贡献者统计 (网页链接)""",,,"{""ConnectionId"":2,""BoardId"":8}",_raw_jira_api_issue_changelogs,204672,
2,94371,RemoteIssueLink,0,jira,,29280,"这个事务链接到 ""Commit - EE-3394 将查询移动到columnSqlFragment (网页链接)""",29280,"这个事务链接到 ""Commit - EE-3394 将查询移动到columnSqlFragment (网页链接)""",,,"{""ConnectionId"":2,""BoardId"":8}",_raw_jira_api_issue_changelogs,204673,
2,94373,RemoteIssueLink,0,jira,,29279,"这个事务链接到 ""Commit - EE-3394 项目组查询每日贡献者统计 (网页链接)""",29279,"这个事务链接到 ""Commit - EE-3394 项目组查询每日贡献者统计 (网页链接)""",,,"{""ConnectionId"":2,""BoardId"":8}",_raw_jira_api_issue_changelogs,204674,
2,94669,Sprint,0,custom,customfield_10020,"38, 40, 41, 42, 43","EE Sprint 28, EE Sprint 29, EE Sprint 30, EE Sprint 31, EE Sprint 32","38, 40, 41, 42, 43, 46","EE Sprint 28, EE Sprint 29, EE Sprint 30, EE Sprint 31, EE Sprint 32, EE Sprint 33",,,"{""ConnectionId"":2,""BoardId"":8}",_raw_jira_api_issue_changelogs,204675,
2,95080,status,0,jira,status,10141,发布中,10068,已完成,,,"{""ConnectionId"":2,""BoardId"":8}",_raw_jira_api_issue_changelogs,204676,
2,96836,Sprint,0,custom,customfield_10020,"38, 40, 41, 42, 43, 46","EE Sprint 28, EE Sprint 29, EE Sprint 30, EE Sprint 31, EE Sprint 32, EE Sprint 33","38, 40, 41, 42, 43, 46, 47","EE Sprint 28, EE Sprint 29, EE Sprint 30, EE Sprint 31, EE Sprint 32, EE Sprint 33, EE Sprint 34",,,"{""ConnectionId"":2,""BoardId"":8}",_raw_jira_api_issue_changelogs,204677,
2,99916,Sprint,0,custom,customfield_10020,"38, 40, 41, 42, 43, 46, 47","EE Sprint 28, EE Sprint 29, EE Sprint 30, EE Sprint 31, EE Sprint 32, EE Sprint 33, EE Sprint 34","38, 40, 41, 42, 43, 46, 47, 50","EE Sprint 28, EE Sprint 29, EE Sprint 30, EE Sprint 31, EE Sprint 32, EE Sprint 33, EE Sprint 34, EE Sprint 35",,,"{""ConnectionId"":2,""BoardId"":8}",_raw_jira_api_issue_changelogs,204678,
2,103206,Sprint,0,custom,customfield_10020,"38, 40, 41, 42, 43, 46, 47, 50","EE Sprint 28, EE Sprint 29, EE Sprint 30, EE Sprint 31, EE Sprint 32, EE Sprint 33, EE Sprint 34, EE Sprint 35","38, 40, 41, 42, 43, 46, 47, 50, 57","EE Sprint 28, EE Sprint 29, EE Sprint 30, EE Sprint 31, EE Sprint 32, EE Sprint 33, EE Sprint 34, EE Sprint 35, EE Sprint 36",,,"{""ConnectionId"":2,""BoardId"":8}",_raw_jira_api_issue_changelogs,204679,
2,105717,Sprint,0,custom,customfield_10020,"38, 40, 41, 42, 43, 46, 47, 50, 57","EE Sprint 28, EE Sprint 29, EE Sprint 30, EE Sprint 31, EE Sprint 32, EE Sprint 33, EE Sprint 34, EE Sprint 35, EE Sprint 36","38, 40, 41, 42, 43, 46, 47, 50, 57, 60","EE Sprint 28, EE Sprint 29, EE Sprint 30, EE Sprint 31, EE Sprint 32, EE Sprint 33, EE Sprint 34, EE Sprint 35, EE Sprint 36, EE Sprint 37",,,"{""ConnectionId"":2,""BoardId"":8}",_raw_jira_api_issue_changelogs,204680,
2,107265,Sprint,0,custom,customfield_10020,"38, 40, 41, 42, 43, 46, 47, 50, 57, 60","EE Sprint 28, EE Sprint 29, EE Sprint 30, EE Sprint 31, EE Sprint 32, EE Sprint 33, EE Sprint 34, EE Sprint 35, EE Sprint 36, EE Sprint 37","38, 40, 41, 42, 43, 46, 47, 50, 57","EE Sprint 28, EE Sprint 29, EE Sprint 30, EE Sprint 31, EE Sprint 32, EE Sprint 33, EE Sprint 34, EE Sprint 35, EE Sprint 36",,,"{""ConnectionId"":2,""BoardId"":8}",_raw_jira_api_issue_changelogs,204681,
2,296762,Workflow,0,jira,,23293,Software Simplified Workflow for Project EE-story2,32121,Software Simplified Workflow for Project EE-task,,,"{""ConnectionId"":2,""BoardId"":8}",_raw_jira_api_issue_changelogs,204682,
2,297086,Workflow,0,jira,,24260,Software Simplified Workflow for Project EE-story2,32445,Software Simplified Workflow for Project EE-task,,,"{""ConnectionId"":2,""BoardId"":8}",_raw_jira_api_issue_changelogs,204582,
2,999001,Component,0,jira,components,,,41908,Architecture,,,"{""ConnectionId"":2,""BoardId"":8}",_raw_jira_api_issue_changelogs,299001,
2,999001,Component,1,jira,components,,,41929,Vanguard,,,"{""ConnectionId"":2,""BoardId"":8}",_raw_jira_api_issue_changelogs,299001,
2,999001,status,0,jira,status,1,To Do,3,In Progress,,,"{""ConnectionId"":2,""BoardId"":8}",_raw_jira_api_issue_changelogs,299001,
